url,post,author,date,reason
http://www.beatslaughter.de/temp/beatslaughter_blue-orange.rar,1,Beatslaughter,2006-09-18,HTTPError
http://scorpio.twoj.pl/Metall2.7z,44,j4r3k,2006-10-09,URLError
http://www.keith303.i24.cc/temp/k303_rns18_themes.rar,73,keith303,2006-11-19,HTTPError
http://www.infraxes.com/kizzume/kizz-theme.zip,75,Kizzume,2006-11-20,HTTPError
http://www.abrexxes.palib.info/stuff/pt.zip,87,Abrexxes,2006-11-26,URLError
http://satobox.s39.xrea.com/gomi/sat-theme.zip,89,satobox,2006-12-08,HTTPError
http://www.dodgyrecordings.com/greenery.rar,96,alexstrain,2007-01-05,URLError
http://www.caravan-soundsystem.org/acid_house.rar,135,happy_milkshake_man,2007-04-13,URLError
http://www.caravan-soundsystem.org/pigeon.rar,135,happy_milkshake_man,2007-04-13,URLError
http://www.earthenrecords.com/Lava.zip,140,AVB,2007-06-08,HTTPError
http://nooly.marshals.cz/temp/space_pigs.zip,145,nula,2007-06-12,TimeoutError
http://www.mediamax.com/theboxhead1/Hosted/BlueBeat.ZIP,184,C-zar,2007-08-01,HTTPError
http://www.earthenrecords.com/Heather.zip,203,tnt97,2007-11-03,HTTPError
http://www.studioriff.se/files/Ampli-BlueXP.zip,216,Ampli,2007-12-23,URLError
http://benjam.org/resources/previews/benjam%20-%20renoise%20gui%20mod.rar,223,benJam,2008-03-11,HTTPError
http://ptrance.de/files/ect/renoise/textures/SlicedWood.zip,229,ptrance,2008-04-14,HTTPError
http://satobox.s39.xrea.com/gomi/bright-themes.zip,234,ilkke,2008-05-23,HTTPError
http://www.no-repair.com/prut/dr.drips_no_repair2.rar,261,Dr_Drips,2008-08-04,URLError
http://www.beatslaughter.de/forum/atarix_themes.rar,263,Beatslaughter,2008-08-08,HTTPError
http://www.beatslaughter.de/temp/beatslaughter_starfighter.rar,266,Beatslaughter,2008-09-29,HTTPError
http://rapidshare.com/files/183388673/Crystal.zip,278,Tomasz_Wusik,2009-01-15,URLError
http://abrexxes.huntingsoftware.de/renoise/renoise_skin_protracker.zip,283,Abrexxes,2009-03-13,URLError
http://benjam.org/resources/downloads/glassandmetal.rar,287,benJam,2009-05-26,HTTPError
http://www.shaunchenh.pwp.blueyonder.co.uk/md-black.rar,296,gfk,2009-06-25,URLError
http://kizzume.com/kizz-theme.zip,303,Kizzume,2009-12-12,HTTPError
http://dl.dropbox.com/u/2478368/WebImages/PublicDownloads/SoftwareSkins/jnki.themes.rar,313,dblue,2010-01-14,HTTPError
http://www.keith303.i24.cc/page_content/k303_rns25_themes.rar,318,keith303,2010-01-26,HTTPError
http://dl.dropbox.com/u/4681032/Impulse%20Vintage%20v1%20%28protman%29.rar,337,protman,2010-03-12,HTTPError
http://dl.dropbox.com/u/4681032/Impulse%20Industrial%20v1%20%28protman%29.rar,337,protman,2010-03-12,HTTPError
http://nebidaan.miheztarto.hu/nebidaan_theme.zip,368,nebidaan,2011-06-26,URLError
http://www.loopproject.com/filebase/renoise/vizion/ft2_fasttracker_2_keyboard__theme_for_renoise_2-interlune(2012).rar,395,ViZiON,2012-02-27,URLError
https://dl.dropbox.com/u/33682279/blue_reaction_four.zip,406,blue_reaction,2012-08-12,HTTPError
http://breemix.com/breemix/fasttracker_II.zip,412,breemix,2012-10-14,HTTPError
http://dl.dropbox.com/u/14951157/renoise_live9theme_atx.xml.zip,428,anon79899543,2013-02-15,HTTPError
http://misc.jenoki.net/themes/renoise/jnki.RenoiseDark3.0.xrnc,480,Jenoki,2013-12-30,URLError
https://dl.dropboxusercontent.com/u/14951157/pics/live9atx/live9_atx.xrnc.zip,491,anon79899543,2014-03-21,HTTPError
http://misc.jenoki.net/themes/renoise/jnki.fcoar.xrnc,498,Jenoki,2014-04-14,URLError
http://misc.jenoki.net/themes/renoise/jnki.retrofukation.xrnc,498,Jenoki,2014-04-14,URLError
https://dl.dropboxusercontent.com/u/64271084/renoise/themes/danoise-rns3-grainy_day.xrnc,503,fuzzcreatorhasenpfef,2014-05-24,HTTPError
https://dl.dropboxusercontent.com/u/8678467/kieran/serum-renoise-theme.zip,532,grymmjack,2016-02-06,HTTPError
https://www.rickchristy.com/share/renoise/ableton-live-10-redux-theme.zip,558,grymmjack,2019-01-23,URLError
https://www.rickchristy.com/share/renoise/GJ-FM7.xrnc,659,grymmjack,2020-11-15,URLError
https://0x0.st/Kraw.xrnc,1123,polyplexmescalia,2025-08-15,HTTPError
https://0x0.st/KrjT.xrnc,1124,polyplexmescalia,2025-08-16,HTTPError
https://github.com/spktkpkt/renoise_colorthemes/blob/master/Fruchtringe.xrnc,1170,anon83210884,2025-10-05,HTTPError
